{"cameraMode":{"drawMode":0,"name":"Shaded","section":"Shading Mode"},"sceneLighting":true,"audioPlay":false,"sceneViewState":{"m_AlwaysRefresh":false,"showFog":true,"showSkybox":true,"showFlares":true,"showImageEffects":true,"showParticleSystems":true,"showVisualEffectGraphs":true,"m_FxEnabled":true},"in2DMode":false,"pivot":{"x":0.12000000476837158,"y":0.8400000333786011,"z":-4.639999866485596},"rotation":{"x":0.2152724415063858,"y":-0.7771837711334229,"z":0.3521110415458679,"w":0.47509047389030459},"size":17.37215232849121,"orthographic":false}